Wavelength,I(0),I(KBr),I(KI)
188.637,-5.13,-1.3178,-8.0733
189.1073,-5.13,-1.3178,-8.0733
189.5776,-5.13,-1.3178,-8.0733
190.0478,-5.29,-0.5578,-3.2933
190.518,-5.73,-5.9978,-2.0333
190.9882,1.05,-4.5578,4.1467
191.4584,2.53,-0.0378,2.7067
191.9285,3.81,3.7622,2.8867
192.3986,0.63,-2.0578,4.2067
192.8687,0.75,1.3422,-5.4933
193.3388,6.53,7.6422,3.7467
193.8088,1.33,1.5222,4.3267
194.2788,-1.43,-5.4378,1.9267
194.7488,1.11,0.4822,-1.4733
195.2188,6.05,5.7822,5.2867
195.6888,1.33,-1.8378,5.4667
196.1587,-1.47,-4.9978,-2.5133
196.6286,4.19,8.9022,4.3267
197.0985,1.59,2.9622,8.9067
197.5684,3.05,0.6422,3.3867
198.0382,2.71,-0.4578,0.2067
198.508,7.77,7.1422,5.7467
198.9778,4.51,3.4822,5.7067
199.4476,2.57,-2.4378,3.3667
199.9173,4.11,5.8622,0.3267
200.387,8.75,2.1022,5.2067
200.8567,6.31,-0.2178,4.4067
201.3264,4.07,0.8822,-0.3733
201.7961,9.41,5.7422,5.4667
202.2657,9.93,3.7622,5.7667
202.7353,4.89,-0.9978,2.8667
203.2049,-0.19,3.6422,-0.2133
203.6745,9.99,4.7422,5.5467
204.144,3.45,-2.4378,5.5667
204.6135,6.87,-1.3578,1.2067
205.083,1.13,5.4822,2.1467
205.5525,8.03,2.6422,4.9467
206.0219,11.07,1.4022,8.9867
206.4914,4.79,2.1822,-2.4333
206.9608,7.01,4.8022,6.0067
207.4301,2.79,0.5422,2.7667
207.8995,6.83,-2.8978,2.1467
208.3688,2.69,-0.2778,-0.7533
208.8381,15.43,9.2222,11.2067
209.3074,5.47,1.8022,5.5667
209.7767,2.31,1.6222,-5.0133
210.2459,5.73,4.8222,-2.2333
210.7151,4.73,-0.0178,5.3067
211.1843,3.87,-2.1378,3.8467
211.6535,1.45,2.9222,0.6067
212.1226,10.33,4.2822,6.2067
212.5917,1.51,-0.3778,6.5267
213.0608,4.91,-0.0178,1.3867
213.5299,2.71,5.6222,4.2067
213.999,6.73,3.3222,2.4867
214.468,2.65,1.1422,6.2467
214.937,1.07,1.3022,1.3267
215.406,7.95,6.9622,1.6067
215.875,8.09,2.0022,4.5667
216.3439,3.53,-3.1778,-0.2533
216.8128,2.61,4.5222,2.0867
217.2817,6.39,2.7422,1.8667
217.7506,1.53,-2.9978,3.8267
218.2194,-0.05,-1.0578,-3.3333
218.6882,5.87,3.8022,3.5867
219.157,6.91,0.0622,7.4267
219.6258,2.07,-2.2778,2.2267
220.0946,2.19,3.9622,-1.8733
220.5633,7.35,2.1422,4.7467
221.032,4.01,-5.3378,4.9067
221.5007,4.63,-0.1778,0.4467
221.9693,5.27,7.6222,4.0267
222.438,4.07,2.8022,2.4667
222.9066,5.09,1.7422,6.4867
223.3752,3.77,2.5022,1.9067
223.8438,7.31,5.7022,5.3267
224.3123,2.27,0.2022,5.3867
224.7808,7.09,-0.5378,0.6267
225.2493,4.07,7.1622,-0.5933
225.7178,9.69,5.4622,7.9467
226.1862,5.41,-0.0178,2.5467
226.6547,5.23,5.4022,0.7267
227.1231,5.19,3.5422,4.6467
227.5915,2.13,2.5622,5.2067
228.0598,2.89,-1.7378,1.7067
228.5281,2.89,3.2222,-0.2933
228.9965,12.25,7.1422,6.5867
229.4648,3.19,-0.1378,3.8267
229.933,2.11,-1.6778,-5.2533
230.4013,5.33,5.4422,3.0467
230.8695,18.55,16.8422,56.7867
231.3377,4.71,-0.6178,10.8667
231.8058,2.81,3.3022,-1.4533
232.274,7.57,2.4622,4.8467
232.7421,5.41,0.9822,6.7067
233.2102,3.49,-2.3578,0.5667
233.6783,4.25,6.2822,4.6867
234.1464,10.69,5.9022,5.5267
234.6144,4.23,-2.8578,3.2867
235.0824,2.91,3.0422,-0.7133
235.5504,9.77,5.6622,4.3067
236.0184,5.13,-0.8578,6.0267
236.4863,6.69,-1.9978,0.4067
236.9542,5.05,3.7822,-0.1933
237.4221,6.81,2.7622,4.0267
237.89,3.17,-2.4578,5.8467
238.3578,5.35,1.1822,1.0067
238.8257,6.59,3.6022,3.4867
239.2935,7.97,3.5822,6.2267
239.7612,2.15,-3.2378,-0.9133
240.229,5.43,7.6822,-0.4933
240.6967,7.79,2.2822,1.7867
241.1644,5.43,-0.4178,6.4267
241.6321,3.49,3.5822,-0.8133
242.0998,3.71,7.1622,3.2667
242.5674,5.69,0.5422,3.7067
243.0351,1.37,-2.4978,1.9267
243.5026,2.81,0.9822,0.0067
243.9702,6.55,6.1822,1.9667
244.4378,4.29,0.3022,4.4667
244.9053,3.05,-3.1978,-2.0333
245.3728,5.75,5.8622,-0.3933
245.8403,9.49,3.8622,4.5267
246.3077,7.37,-1.5978,6.6867
246.7751,7.29,5.8222,2.8667
247.2426,6.33,2.9622,4.0267
247.7099,4.93,3.7822,7.2267
248.1773,2.99,-1.8778,1.2267
248.6446,6.15,6.9422,1.2467
249.1119,9.33,8.3022,5.3267
249.5792,4.85,-3.2378,4.1067
250.0465,5.13,-0.7578,-1.6733
250.5138,6.55,6.3622,2.7667
250.981,10.95,5.1622,5.0667
251.4482,6.51,-3.7578,3.8667
251.9153,4.51,4.5422,1.8867
252.3825,10.35,11.1822,8.8667
252.8496,6.11,1.5822,6.4267
253.3167,2.89,0.7422,5.0467
253.7838,7.47,4.9822,1.5067
254.2509,6.89,2.9822,6.5867
254.7179,2.17,-1.9978,6.6467
255.1849,1.99,0.4822,-2.7133
255.6519,6.65,7.5022,3.6267
256.1189,7.13,4.1422,4.2867
256.5858,1.65,-2.9378,2.5867
257.0527,8.13,2.9622,4.5867
257.5196,9.99,2.4622,5.6267
257.9865,4.03,2.6822,7.3467
258.4534,4.45,0.1022,-2.3733
258.9202,10.03,8.8222,5.2067
259.387,9.13,3.8622,8.1667
259.8538,3.29,-0.8378,1.5067
260.3205,8.85,3.8822,2.4667
260.7873,11.69,8.6822,7.9867
261.254,6.53,2.0022,6.8867
261.7206,6.63,1.5422,4.7867
262.1873,7.19,4.8022,2.1867
262.654,12.69,5.7622,9.6267
263.1206,2.49,0.1222,5.3067
263.5872,4.81,5.1622,2.0867
264.0537,8.17,6.4622,5.9067
264.5203,4.03,2.8822,2.0267
264.9868,5.23,-2.7178,3.1667
265.4533,6.57,5.1822,-1.4333
265.9198,8.79,5.4222,5.7267
266.3862,1.39,-4.1178,4.8067
266.8527,8.01,3.7422,2.4667
267.3191,5.61,6.3822,1.4267
267.7855,9.23,2.6622,6.0267
268.2518,4.77,-1.3578,4.6467
268.7181,8.37,8.8222,4.6067
269.1845,14.25,7.8422,7.2267
269.6508,3.03,-2.2978,5.5067
270.117,6.69,-1.5178,1.3467
270.5833,6.05,6.2622,5.6667
271.0495,13.45,5.8022,8.3867
271.5157,6.79,-2.8778,3.3267
271.9819,4.69,-0.2978,0.7667
272.448,3.67,4.0422,3.2067
272.9141,8.03,0.5822,4.6867
273.3802,9.29,-0.6378,0.9867
273.8463,7.37,3.5622,0.2267
274.3124,8.01,7.1022,8.9267
274.7784,7.11,-1.5178,5.9667
275.2444,4.49,2.1222,-0.2733
275.7104,8.07,8.9822,5.7467
276.1764,11.29,9.2622,6.9467
276.6423,6.03,-1.6178,1.5267
277.1082,8.23,5.3622,-1.1933
277.5741,9.63,6.0022,3.4467
278.04,8.39,2.6422,8.6667
278.5058,12.21,4.5422,5.6067
278.9717,8.95,4.6622,3.6467
279.4375,7.01,0.3222,6.4667
279.9032,4.11,-0.7378,3.5467
280.369,12.03,4.5622,3.8667
280.8347,11.31,8.1422,7.3667
281.3004,13.95,3.6822,9.3867
281.7661,7.51,-0.5378,2.4067
282.2318,6.07,8.4022,2.8267
282.6974,12.53,5.4222,2.3867
283.163,6.03,0.5422,6.1267
283.6286,8.53,-1.0778,-2.5733
284.0942,10.55,9.0622,5.6067
284.5597,8.77,5.0222,6.0667
285.0252,5.79,-5.0778,1.8067
285.4907,9.67,5.1822,-0.3533
285.9562,9.87,8.0022,3.0267
286.4217,10.03,-0.0578,7.6067
286.8871,8.01,1.9222,-0.0333
287.3525,7.11,3.1222,0.8267
287.8179,11.13,4.6622,7.1667
288.2832,8.81,-1.7378,2.3067
288.7486,10.89,1.5022,2.6867
289.2139,11.53,10.0622,5.0467
289.6792,10.95,5.5222,8.9267
290.1444,6.39,-2.2578,3.8067
290.6097,7.23,4.2222,2.3067
291.0749,13.87,4.6022,6.9067
291.5401,10.17,-4.0378,6.2267
292.0052,10.21,7.5222,-0.6733
292.4704,12.47,8.1822,6.2467
292.9355,10.41,3.2422,5.1067
293.4006,9.69,-1.5178,2.0067
293.8657,9.45,10.6022,0.8267
294.3307,13.31,6.1222,5.5067
294.7958,10.33,1.9822,4.0867
295.2608,13.05,-0.0778,-1.5533
295.7258,11.45,6.3222,4.8667
296.1907,15.61,8.4822,5.8267
296.6557,13.51,1.6622,5.5467
297.1206,13.69,6.3622,3.8467
297.5855,11.67,5.9222,2.9867
298.0503,11.07,1.3622,7.6467
298.5152,13.09,2.4422,4.4467
298.98,10.85,5.6622,5.9667
299.4448,13.63,4.2422,4.1067
299.9095,9.57,-0.1378,4.0267
300.3743,9.63,5.0422,1.6067
300.839,10.59,8.5422,5.6267
301.3037,13.57,5.7622,9.1467
301.7684,13.61,5.0022,2.4267
302.2331,9.27,5.4022,0.2867
302.6977,15.45,7.3022,9.2267
303.1623,9.17,2.5022,6.3067
303.6269,11.05,4.0022,-2.8733
304.0914,11.47,6.0422,4.8067
304.556,14.07,5.2822,5.4867
305.0205,14.35,1.9622,8.0667
305.485,13.23,7.6622,7.6467
305.9494,17.47,4.5822,8.1867
306.4139,18.17,5.0622,8.8667
306.8783,16.01,2.8222,2.2467
307.3427,12.75,5.9222,4.0867
307.8071,15.75,5.2222,6.3467
308.2714,8.65,-0.5178,4.1467
308.7358,11.47,3.3022,0.8867
309.2001,16.91,6.7222,6.3267
309.6643,17.27,5.5422,8.8667
310.1286,23.95,10.1822,12.1467
310.5928,13.23,8.1022,3.4667
311.057,17.97,10.0422,5.4067
311.5212,11.59,1.1822,3.5467
311.9854,11.01,4.1422,-0.7333
312.4495,16.15,6.7822,3.5267
312.9136,17.51,6.1222,7.2067
313.3777,12.85,0.8222,3.9867
313.8418,15.73,10.5222,3.0467
314.3059,16.07,8.1022,5.2667
314.7699,16.55,4.5222,11.3267
315.2339,14.89,3.5822,1.3467
315.6978,15.25,8.9822,5.2267
316.1618,19.29,8.8422,5.2067
316.6257,16.57,0.6222,4.3667
317.0896,16.77,7.9022,2.5867
317.5535,15.69,8.7222,6.4667
318.0174,15.13,7.2822,9.2667
318.4812,13.27,4.4222,3.5467
318.945,14.69,8.0222,3.6267
319.4088,22.85,8.5622,8.6667
319.8726,16.01,4.9222,7.6467
320.3363,17.35,3.8222,0.5267
320.8,19.43,6.1422,6.3067
321.2637,20.59,7.6022,4.8867
321.7274,17.41,0.9222,4.0867
322.191,19.15,9.8822,2.7667
322.6547,19.99,7.0222,3.6267
323.1183,17.33,6.4022,4.1067
323.5818,16.27,4.6822,-1.7733
324.0454,15.57,7.7422,2.6467
324.5089,23.89,11.9022,7.5467
324.9724,15.33,0.1422,5.7067
325.4359,17.93,4.2422,1.3467
325.8994,23.79,12.9022,10.7867
326.3628,18.81,5.2022,7.8267
326.8262,18.47,0.6422,-0.2933
327.2896,17.03,10.3822,2.6267
327.753,22.85,9.7422,5.8467
328.2163,18.65,1.4622,4.8067
328.6796,18.79,6.7422,5.9667
329.1429,23.23,11.1622,10.4067
329.6062,21.15,7.6622,7.0867
330.0694,18.31,3.1622,8.3867
330.5326,19.85,10.4422,7.5467
330.9958,24.41,8.3422,6.6667
331.459,20.81,2.4622,5.3267
331.9222,21.53,5.6622,2.4667
332.3853,21.55,13.5222,8.3667
332.8484,21.53,7.2822,5.1467
333.3115,22.13,2.0822,4.3267
333.7746,26.81,15.2822,7.8067
334.2376,23.47,11.0622,10.3667
334.7006,18.79,6.1022,9.6267
335.1636,23.47,3.8222,4.4867
335.6265,20.77,12.8622,4.6067
336.0895,30.53,11.6422,8.3267
336.5524,23.55,3.4422,7.7267
337.0153,24.29,7.1622,0.7267
337.4782,24.23,12.1822,6.3467
337.941,27.79,9.8222,12.4267
338.4038,24.51,6.2422,5.3067
338.8666,23.49,13.9622,2.4467
339.3294,24.15,8.7022,7.6067
339.7922,24.47,4.8222,5.1467
340.2549,28.53,8.0822,3.2867
340.7176,24.79,12.8822,7.5067
341.1803,26.83,8.5022,9.0067
341.6429,23.79,1.8222,5.5267
342.1056,27.53,9.5022,6.2467
342.5682,35.21,18.5822,11.2667
343.0308,29.39,8.1422,9.5067
343.4933,25.87,8.1022,3.9467
343.9559,29.69,14.5622,6.4467
344.4184,33.81,16.9222,12.6667
344.8809,30.45,6.0422,6.9267
345.3434,27.39,11.0422,4.2667
345.8058,30.69,14.6422,8.0667
346.2682,29.69,13.4622,10.3867
346.7306,31.47,8.4422,9.0867
347.193,31.73,14.3022,9.5867
347.6554,37.09,16.7022,10.7267
348.1177,29.37,9.2822,7.9467
348.58,32.21,10.7622,5.2067
349.0423,32.83,8.8422,7.7867
349.5045,38.81,11.5622,12.9867
349.9668,28.19,4.8822,4.5467
350.429,34.85,11.7022,6.2267
350.8912,34.43,11.2622,10.3067
351.3533,31.43,7.6022,8.4867
351.8155,35.47,8.8222,4.3667
352.2776,33.39,15.5022,8.5467
352.7397,38.31,15.7022,11.0867
353.2018,34.85,7.6022,12.0667
353.6638,33.33,10.2422,1.9067
354.1258,37.33,15.3822,10.0867
354.5878,34.77,9.3422,9.8267
355.0498,38.63,9.5222,5.8267
355.5117,34.57,19.4822,7.2667
355.9737,40.27,21.3822,14.2067
356.4356,36.35,9.8022,9.8667
356.8975,38.87,13.9222,3.2667
357.3593,37.83,18.9222,11.9867
357.8211,40.17,12.2622,13.6867
358.283,33.71,8.5222,9.7267
358.7447,41.47,18.2822,8.5467
359.2065,39.69,18.6422,9.5667
359.6682,47.77,16.7222,14.6267
360.13,40.09,14.0222,5.0667
360.5916,40.45,16.9222,11.3667
361.0533,46.39,15.3222,12.2067
361.515,41.31,10.7222,13.3467
361.9766,48.65,22.5422,14.8867
362.4382,43.31,14.4622,11.4467
362.8998,41.35,11.5822,9.6867
363.3613,46.45,17.2022,10.4067
363.8228,46.99,19.5422,10.0667
364.2843,49.61,19.3622,12.1867
364.7458,42.71,12.4822,9.8467
365.2073,45.65,18.0622,8.9467
365.6687,45.19,16.6822,13.7867
366.1301,46.97,17.6422,15.9867
366.5915,42.67,13.3422,10.3067
367.0529,45.35,19.6422,7.2867
367.5142,57.47,25.5022,15.9267
367.9755,46.79,14.6822,12.4267
368.4368,49.63,13.6422,7.0867
368.8981,50.97,21.0422,14.8267
369.3593,54.85,18.3022,18.1067
369.8205,47.71,13.8422,7.0067
370.2817,49.19,20.5022,8.5667
370.7429,53.87,20.0022,12.6667
371.204,49.95,17.2222,13.1267
371.6652,54.83,18.6622,8.2667
372.1263,54.99,22.2622,9.8067
372.5873,58.67,17.8822,13.2067
373.0484,52.87,15.9622,14.4667
373.5094,55.27,17.7622,11.4067
373.9704,59.01,23.9422,17.2267
374.4314,56.13,17.1822,16.7867
374.8924,59.75,18.1622,11.7067
375.3533,64.27,29.1622,13.1667
375.8142,64.97,25.6222,15.4467
376.2751,63.57,20.6622,13.0667
376.736,60.81,20.8822,8.9667
377.1968,63.31,22.5022,13.7867
377.6576,63.81,20.5822,15.6867
378.1184,63.87,16.2422,8.9467
378.5792,63.13,26.0222,13.3667
379.0399,65.23,24.8222,18.8267
379.5007,63.23,18.5622,14.1467
379.9614,62.47,18.1822,9.3267
380.422,65.77,25.0622,11.1867
380.8827,71.21,24.5022,16.2267
381.3433,64.43,18.9222,11.7067
381.8039,69.23,21.5022,13.9667
382.2645,67.17,22.9622,15.9267
382.725,71.39,22.3622,15.0267
383.1856,69.71,22.5022,11.9067
383.6461,73.87,27.6222,15.2867
384.1066,74.73,30.5022,17.5467
384.567,73.23,21.2422,17.0067
385.0275,74.73,25.6222,11.8467
385.4879,78.19,29.5022,17.0467
385.9483,82.01,29.2222,19.4467
386.4086,72.99,22.7022,14.5067
386.869,75.05,28.7222,16.9067
387.3293,80.15,33.2422,20.7867
387.7896,78.55,26.0822,17.1867
388.2499,83.89,26.5822,14.3067
388.7101,84.49,34.7622,22.2867
389.1703,88.51,35.7822,22.6667
389.6306,84.97,25.4022,18.2667
390.0907,88.93,31.5822,16.4467
390.5509,88.03,32.7822,20.7067
391.011,93.67,31.0022,23.6867
391.4711,90.63,26.4822,13.7667
391.9312,88.93,34.6622,21.2667
392.3913,97.21,33.8022,18.1867
392.8513,93.05,25.7422,17.8467
393.3113,95.35,30.3022,16.7067
393.7713,95.61,38.1222,22.9267
394.2313,99.51,33.4222,21.7067
394.6912,95.93,28.1622,20.5667
395.1511,101.81,37.2822,19.1067
395.611,107.17,37.9622,26.3867
396.0709,106.89,34.5222,26.0867
396.5307,104.05,34.6622,17.1867
396.9905,107.51,41.7222,23.5267
397.4503,108.87,39.7622,25.9067
397.9101,104.77,32.8222,22.8867
398.3699,110.09,44.6222,24.1067
398.8296,112.67,45.0422,23.2667
399.2893,110.65,39.7022,26.3267
399.749,112.27,38.3022,19.2467
400.2086,112.53,45.1422,23.9267
400.6683,118.71,44.6422,25.3667
401.1279,115.61,39.2222,27.0467
401.5874,119.91,51.1222,28.2467
402.047,125.99,50.0622,28.7467
402.5065,130.79,47.2022,30.0267
402.9661,126.43,45.9422,26.3067
403.4255,128.19,48.7022,23.8867
403.885,133.11,52.1222,28.9867
404.3444,129.37,41.8622,25.0467
404.8039,125.31,45.6222,24.5267
405.2633,133.03,51.4222,30.0467
405.7226,138.01,51.2022,29.8267
406.182,137.05,41.9022,27.0667
406.6413,139.25,50.3022,26.7067
407.1006,143.09,52.7222,27.6667
407.5599,141.95,49.9222,28.6067
408.0191,143.87,48.1022,22.2267
408.4784,141.17,54.6222,28.9867
408.9376,153.23,54.4822,35.7467
409.3967,152.41,48.4422,32.0267
409.8559,151.27,52.3022,28.7067
410.315,160.17,60.7622,36.5667
410.7741,160.03,57.5622,39.5467
411.2332,158.69,53.2222,30.2467
411.6923,156.65,60.6422,29.5067
412.1513,161.49,58.2822,36.8867
412.6103,164.69,53.7622,33.7867
413.0693,162.73,53.9022,26.4667
413.5283,163.39,60.7622,35.8467
413.9872,173.39,61.1022,40.6867
414.4461,166.07,56.8022,32.3067
414.905,172.31,63.2022,31.0867
415.3639,181.15,71.8622,42.2067
415.8228,180.33,61.9422,41.0067
416.2816,185.69,67.2422,40.4267
416.7404,183.37,68.5822,39.8067
417.1992,195.93,68.3422,42.2067
417.6579,188.79,61.9022,38.8467
418.1166,192.21,69.5422,36.1267
418.5753,201.19,75.8622,44.8667
419.034,206.63,70.1822,42.5867
419.4927,202.91,64.3422,37.3067
419.9513,205.49,77.5422,40.9467
420.4099,209.01,74.3622,43.8267
420.8685,207.19,66.6622,42.0067
421.3271,214.89,76.4422,43.9867
421.7856,214.73,75.9022,47.5867
422.2441,221.89,74.2022,45.5467
422.7026,219.27,73.0822,44.4067
423.1611,219.47,77.0622,42.8467
423.6195,223.77,77.8822,46.4267
424.0779,229.27,78.0622,50.1067
424.5363,226.27,75.4622,40.4467
424.9947,237.27,83.2622,50.4067
425.453,243.99,84.1022,53.3667
425.9114,244.99,79.4422,48.1667
426.3697,250.33,89.6822,51.2667
426.8279,254.85,91.8222,54.0067
427.2862,265.47,92.5222,55.9067
427.7444,263.39,87.5422,49.0267
428.2026,264.65,94.9222,52.9067
428.6608,270.03,96.0822,58.2867
429.119,263.75,89.7422,54.0067
429.5771,264.85,90.5222,49.7667
430.0352,270.47,96.2022,56.8267
430.4933,284.21,100.7222,62.7667
430.9513,287.69,100.6622,60.5467
431.4094,294.15,110.8822,59.3867
431.8674,299.95,110.3422,66.5667
432.3254,309.25,111.8222,71.0067
432.7833,318.97,116.7222,68.6667
433.2413,327.11,125.1822,78.4667
433.6992,324.07,119.6822,74.9667
434.1571,311.51,106.1422,61.9067
434.615,316.05,113.1822,64.8667
435.0728,320.69,115.7622,67.3867
435.5306,323.03,107.3622,65.9267
435.9884,325.07,108.0222,60.2067
436.4462,326.99,115.4622,66.1667
436.904,336.09,115.3222,68.7867
437.3617,337.09,110.8622,70.4467
437.8194,343.77,122.8222,67.2267
438.2771,353.89,125.2222,73.7467
438.7347,365.65,128.0822,76.9667
439.1923,365.89,121.9822,66.9267
439.65,368.15,129.6022,76.3067
440.1075,383.23,134.1422,79.7267
440.5651,378.01,131.0422,76.6067
441.0226,380.07,129.7822,75.2267
441.4801,388.37,134.4822,77.3867
441.9376,391.27,136.2022,80.2667
442.3951,389.59,131.8822,75.5467
442.8525,400.79,141.5422,80.1067
443.3099,402.99,143.7022,80.8667
443.7673,404.29,137.4422,84.0867
444.2247,407.19,138.1622,78.1467
444.6821,416.59,148.9222,88.8467
445.1394,423.57,149.6422,89.4067
445.5967,421.63,140.4822,79.0667
446.0539,427.37,147.4622,84.3467
446.5112,436.79,154.0822,89.6667
446.9684,439.11,151.9822,86.7067
447.4256,444.55,151.3822,83.3667
447.8828,441.15,153.2822,86.8667
448.3399,458.95,159.6422,94.9067
448.7971,455.89,155.2022,90.5867
449.2542,459.93,161.3222,89.7067
449.7113,466.71,162.8222,94.9867
450.1683,470.15,163.7222,96.2867
450.6254,466.47,156.6422,92.6467
451.0824,466.21,161.7622,88.2267
451.5394,489.53,172.4022,102.2267
451.9963,487.77,165.0622,102.3867
452.4532,493.51,165.8822,94.1067
452.9102,497.11,173.8622,101.6067
453.3671,515.41,178.9822,108.2267
453.8239,516.89,173.5022,101.3867
454.2808,522.53,179.7822,101.6467
454.7376,527.11,192.0822,104.3467
455.1944,542.23,187.0422,113.0867
455.6511,545.69,185.9222,105.8267
456.1079,552.31,190.6422,108.2667
456.5646,565.93,195.9222,112.2067
457.0213,576.63,195.0422,121.1667
457.478,574.67,196.5822,112.1267
457.9346,584.89,200.9622,115.7867
458.3913,600.43,203.8422,123.7467
458.8479,600.43,200.9622,118.4667
459.3044,607.53,209.4222,116.8267
459.761,614.73,210.3822,122.6867
460.2175,636.45,211.7622,127.9667
460.674,646.85,221.4822,128.3667
461.1305,659.51,231.7022,131.0267
461.587,679.21,231.2222,134.7867
462.0434,691.67,231.3622,138.3267
462.4998,701.25,239.5622,137.9867
462.9562,710.15,245.3422,144.6667
463.4126,721.57,243.2622,146.2867
463.8689,726.27,242.0222,140.4067
464.3252,739.17,252.3622,148.5267
464.7815,754.39,257.0022,150.4667
465.2378,761.03,253.7622,149.9067
465.694,777.83,260.9022,150.9867
466.1503,792.55,268.8622,159.7267
466.6064,799.99,273.3622,161.7267
467.0626,816.11,269.7222,161.5667
467.5188,832.03,280.4822,168.0467
467.9749,855.77,287.4822,172.5067
468.431,881.63,293.4422,177.1267
468.8871,896.93,301.5222,170.7467
469.3431,921.95,319.8622,185.6267
469.7991,949.49,322.3422,192.8067
470.2551,968.13,321.9022,191.2667
470.7111,992.53,336.4622,194.2867
471.1671,1026.87,344.7022,208.4067
471.623,1054.19,352.3822,212.4867
472.0789,1064.55,353.7422,202.4867
472.5348,1091.47,371.9422,216.2467
472.9907,1121.97,376.7222,223.0267
473.4465,1152.33,379.6622,221.9267
473.9023,1185.59,398.6822,234.7267
474.3581,1209.85,404.6822,240.4667
474.8139,1235.03,414.2822,247.6267
475.2696,1269.87,419.9022,247.8267
475.7253,1309.45,436.8022,261.0267
476.181,1330.85,441.4622,264.4467
476.6367,1356.15,447.6022,267.9467
477.0923,1386.95,457.2022,267.3667
477.5479,1437.27,472.6422,278.2867
478.0035,1466.09,482.3822,287.3067
478.4591,1491.67,485.2222,292.5467
478.9147,1517.67,500.9822,295.7867
479.3702,1558.29,517.5222,308.0467
479.8257,1584.27,515.5822,308.3667
480.2812,1610.79,531.3022,310.3667
480.7366,1666.99,548.5222,327.4867
481.192,1728.69,564.2422,336.9667
481.6474,1789.19,577.9422,350.9267
482.1028,1859.81,605.2422,361.6667
482.5582,2008.21,650.3622,388.2467
483.0135,2116.63,681.6622,411.2267
483.4688,2213.47,712.2222,417.4467
483.9241,2060.09,678.2822,406.2867
484.3794,1933.53,632.4222,377.6267
484.8346,1933.41,627.4822,377.5267
485.2898,1963.51,634.8022,380.2067
485.745,1981.39,648.1622,389.6067
486.2002,2001.07,653.9822,393.2667
486.6553,2030.21,655.3822,395.9067
487.1104,2050.11,664.6422,396.7867
487.5655,2082.99,674.0422,406.2867
488.0206,2107.55,679.7222,409.7667
488.4756,2145.05,684.4622,412.8867
488.9306,2161.41,702.7022,424.8867
489.3856,2200.73,705.9022,430.0067
489.8406,2233.07,712.0422,432.2267
490.2955,2256.85,727.3422,442.8667
490.7505,2281.73,736.3422,443.4667
491.2054,2322.63,744.7222,453.8467
491.6602,2345.61,751.5622,458.9267
492.1151,2384.65,768.0822,468.7067
492.5699,2409.59,771.5022,471.1867
493.0247,2435.89,772.9022,475.3667
493.4795,2471.99,780.4222,482.2267
493.9342,2494.67,802.8822,489.5467
494.389,2516.17,800.0622,491.6267
494.8437,2535.29,806.1622,493.4867
495.2984,2560.51,814.9422,498.7867
495.753,2584.59,819.6822,504.9467
496.2077,2630.35,829.2622,513.6867
496.6623,2653.17,840.2622,512.9467
497.1169,2694.33,853.4422,527.0867
497.5714,2719.43,858.4622,526.8067
498.026,2740.55,861.3422,532.5867
498.4805,2766.41,882.9422,539.0467
498.935,2816.05,886.7422,546.7467
499.3894,2822.05,885.4822,551.2667
499.8439,2865.79,899.5422,552.3667
500.2983,2902.83,912.8022,568.1067
500.7527,2928.65,920.3022,565.6867
501.207,2944.41,917.3622,569.7267
501.6614,2967.03,926.4622,571.7867
502.1157,2988.67,940.6222,583.0667
502.57,3040.09,951.0222,592.0067
503.0243,3064.81,956.8422,591.3067
503.4785,3088.97,964.2222,596.8067
503.9328,3127.01,980.8422,605.6867
504.387,3137.55,976.8422,607.2867
504.8411,3152.33,981.5222,607.4267
505.2953,3207.65,999.4822,621.1667
505.7494,3233.01,999.8422,628.9267
506.2035,3257.75,1008.4422,630.2267
506.6576,3295.35,1022.7022,634.9667
507.1116,3312.87,1023.1022,641.3067
507.5657,3337.51,1024.8422,645.0667
508.0197,3372.65,1031.7022,642.8067
508.4737,3411.87,1050.7222,658.5267
508.9276,3436.95,1053.1622,671.3867
509.3816,3467.13,1059.5222,665.9467
509.8355,3510.13,1074.0222,673.4867
510.2894,3523.23,1079.0422,681.1067
510.7432,3564.47,1093.8422,689.8267
511.1971,3596.49,1091.3022,690.5867
511.6509,3616.21,1111.0422,694.8467
512.1047,3646.85,1114.9422,703.4267
512.5584,3684.37,1111.8222,709.6467
513.0122,3729.03,1135.9022,712.6667
513.4659,3763.93,1145.4222,721.1267
513.9196,3799.75,1146.5822,727.1267
514.3733,3821.39,1146.7422,732.0267
514.8269,3837.25,1160.8822,733.0067
515.2805,3877.81,1174.8622,749.2067
515.7341,3913.07,1171.4822,748.5267
516.1877,3938.55,1180.0222,753.2267
516.6412,3992.05,1206.8822,763.5067
517.0948,4006.61,1204.9622,768.0467
517.5483,4012.43,1198.4622,768.4067
518.0017,4076.29,1227.0022,777.1867
518.4552,4111.89,1232.4022,785.9467
518.9086,4157.75,1239.6622,793.1667
519.362,4154.31,1235.8222,791.7867
519.8154,4203.79,1258.1622,811.9667
520.2688,4230.49,1264.8622,806.6267
520.7221,4264.73,1268.1022,811.9667
521.1754,4318.51,1278.5022,818.6667
521.6287,4331.73,1284.2822,830.0067
522.082,4361.95,1288.7222,836.0067
522.5352,4399.89,1298.3422,836.6467
522.9884,4426.99,1310.2622,847.1667
523.4416,4435.09,1315.5222,847.7067
523.8947,4497.45,1320.9622,851.6867
524.3479,4539.01,1335.5622,857.8867
524.801,4535.93,1341.8822,869.6267
525.2541,4570.31,1343.4222,872.3867
525.7072,4619.03,1346.9822,876.1667
526.1602,4655.25,1356.3022,879.0267
526.6132,4683.09,1365.8622,894.3867
527.0662,4707.25,1374.1022,899.5467
527.5192,4723.23,1367.4222,890.9867
527.9721,4760.73,1382.4022,901.9667
528.425,4765.11,1379.0822,904.1667
528.8779,4818.75,1387.6022,911.3667
529.3308,4877.27,1408.0622,923.8267
529.7837,4863.69,1405.2422,926.1867
530.2365,4928.77,1411.7022,930.8067
530.6893,4977.97,1421.3022,936.4667
531.1421,4998.25,1430.1222,948.2067
531.5948,5005.71,1434.7022,949.6067
532.0475,5071.71,1435.7022,959.7667
532.5002,5044.53,1429.1822,947.8467
532.9529,5111.09,1463.2622,971.0267
533.4056,5136.55,1454.5622,972.7267
533.8582,5151.35,1448.6222,971.0667
534.3108,5170.53,1459.7422,972.3267
534.7634,5206.37,1469.0622,982.6267
535.216,5267.35,1472.4022,985.2267
535.6685,5297.67,1480.1422,992.4867
536.121,5329.61,1493.0422,1001.8067
536.5735,5392.49,1506.1222,1009.3267
537.0259,5360.75,1486.5022,1008.1067
537.4784,5433.57,1512.2222,1016.4067
537.9308,5442.67,1510.0622,1026.3667
538.3832,5489.27,1512.2022,1028.6867
538.8355,5546.65,1526.0222,1038.6267
539.2879,5558.17,1529.2422,1047.8667
539.7402,5592.39,1535.7822,1046.8867
540.1925,5628.15,1538.0222,1060.0867
540.6448,5627.67,1540.0022,1049.3667
541.097,5667.67,1544.3622,1066.9667
541.5492,5749.33,1564.5422,1083.0067
542.0014,5764.11,1573.5822,1079.5667
542.4536,5796.67,1580.3022,1091.6467
542.9057,5879.71,1604.8222,1118.2267
543.3579,5892.47,1599.5422,1121.8467
543.81,5927.25,1601.5822,1122.3067
544.262,5910.21,1592.1222,1108.3267
544.7141,5983.37,1593.6822,1115.7867
545.1661,5998.71,1587.0222,1111.5067
545.6181,6023.11,1601.1022,1112.9667
546.0701,6059.87,1609.3022,1136.5867
546.522,6037.67,1604.0022,1128.1467
546.974,6104.47,1607.4622,1129.0267
547.4259,6113.25,1613.5822,1134.9467
547.8777,6143.43,1612.3822,1144.0467
548.3296,6187.25,1617.4822,1143.4267
548.7814,6201.01,1623.8422,1148.5667
549.2332,6277.29,1643.2022,1173.4467
549.685,6339.19,1638.8622,1174.6467
550.1368,6335.17,1630.5422,1170.1867
550.5885,6350.21,1646.0422,1175.3067
551.0402,6397.19,1653.0822,1184.0467
551.4919,6393.93,1646.2022,1188.6067
551.9436,6412.11,1645.6622,1184.4867
552.3952,6478.65,1658.7822,1196.9267
552.8468,6510.73,1650.5822,1208.2667
553.2984,6543.61,1655.9622,1205.0667
553.75,6535.63,1657.5422,1208.6467
554.2015,6551.11,1657.3422,1216.6267
554.653,6555.01,1655.9822,1217.0067
555.1045,6614.81,1660.0222,1214.7467
555.556,6650.19,1672.7822,1228.7867
556.0074,6693.11,1667.1022,1237.3067
556.4588,6698.83,1662.3822,1235.1667
556.9102,6750.13,1672.1622,1244.2467
557.3616,6786.49,1685.7622,1248.9867
557.813,6837.53,1688.4222,1260.2067
558.2643,6885.77,1696.6822,1262.4467
558.7156,6880.21,1695.8822,1262.9667
559.1669,6902.89,1693.9022,1264.5667
559.6181,6930.51,1686.9022,1265.7067
560.0693,6950.79,1687.7222,1270.9067
560.5205,7019.85,1706.2022,1289.3267
560.9717,7027.23,1700.8822,1294.5867
561.4229,7044.95,1689.0022,1287.9867
561.874,7098.81,1703.5422,1297.5067
562.3251,7098.39,1697.1822,1300.1667
562.7762,7094.29,1689.9422,1293.1667
563.2272,7207.79,1708.0022,1313.6867
563.6782,7219.69,1718.7822,1322.9267
564.1292,7292.87,1731.8222,1336.7867
564.5802,7365.15,1725.0422,1333.3867
565.0312,7403.83,1729.2822,1335.2867
565.4821,7433.25,1734.3422,1349.4267
565.933,7515.61,1739.9022,1364.5867
566.3839,7608.29,1761.0422,1370.1867
566.8348,7742.79,1789.9222,1399.1667
567.2856,7831.65,1802.1422,1407.6067
567.7364,7849.11,1790.1622,1412.2467
568.1872,7854.69,1798.1222,1414.0867
568.638,7959.29,1811.9622,1439.7867
569.0887,7963.21,1819.6422,1438.9267
569.5394,8002.25,1803.0022,1437.3867
569.9901,7957.33,1796.0822,1424.3667
570.4408,8065.51,1817.3022,1441.6467
570.8914,8239.17,1839.6622,1476.3467
571.342,8296.85,1843.9222,1479.6467
571.7926,8352.61,1861.3622,1489.1867
572.2432,8258.89,1831.8822,1472.0867
572.6937,8260.35,1817.7022,1480.2267
573.1443,8209.73,1814.0022,1466.6467
573.5948,8315.11,1835.4222,1479.7067
574.0452,8508.11,1859.8222,1510.3667
574.4957,8610.89,1869.0422,1526.1667
574.9461,8687.73,1894.3022,1539.0467
575.3965,8705.79,1898.7822,1547.9667
575.8469,8558.45,1852.8622,1525.5267
576.2972,8391.73,1815.2222,1483.3267
576.7475,8431.27,1819.7822,1498.6467
577.1978,8567.79,1836.9422,1512.6267
577.6481,8685.35,1848.7022,1517.6067
578.0984,8823.23,1875.1222,1551.0667
578.5486,9029.03,1913.6822,1574.8067
578.9988,9240.41,1956.6822,1622.0667
579.449,8989.15,1903.9022,1581.3467
579.8991,8732.13,1858.8222,1533.6467
580.3493,8518.41,1795.0422,1503.5067
580.7994,8453.19,1769.5422,1478.8067
581.2494,8506.31,1783.6822,1484.0867
581.6995,8663.25,1810.6622,1520.0667
582.1495,8824.61,1834.6422,1538.0267
582.5995,8918.83,1844.0822,1548.5667
583.0495,8775.37,1820.2222,1533.3467
583.4995,8712.07,1804.7022,1518.3667
583.9494,8651.79,1771.6622,1502.0067
584.3993,8736.81,1784.8622,1506.5667
584.8492,8782.47,1802.0622,1524.9067
585.2991,8675.15,1773.1022,1500.6867
585.7489,8586.41,1743.5422,1480.9867
586.1987,8563.75,1736.1222,1478.2267
586.6485,8451.57,1714.5822,1459.3467
587.0983,8446.35,1699.1022,1449.2067
587.548,8494.97,1710.1022,1455.6267
587.9977,8481.43,1713.6222,1455.6667
588.4474,8489.31,1714.9022,1462.7667
588.8971,8567.99,1699.6622,1461.1067
589.3467,8576.47,1705.6622,1458.6867
589.7963,8751.73,1736.1622,1488.7067
590.2459,8942.21,1777.8622,1514.8267
590.6955,8871.99,1752.9022,1506.9267
591.1451,8761.49,1735.5822,1495.1267
591.5946,8677.53,1707.5022,1477.7067
592.0441,8607.35,1685.5422,1452.1867
592.4935,8794.27,1722.2422,1483.2267
592.943,8693.15,1709.3422,1474.0667
593.3924,8613.89,1684.9422,1450.9267
593.8418,8591.67,1672.2422,1444.2067
594.2912,8603.21,1688.9422,1452.0467
594.7405,8698.69,1694.8822,1454.5467
595.1899,8728.93,1684.6422,1460.9867
595.6392,8738.29,1690.7022,1457.6267
596.0884,8884.05,1719.4422,1482.8067
596.5377,8939.71,1714.6622,1492.2467
596.9869,8876.23,1699.1222,1473.6067
597.4361,8899.79,1705.1022,1474.1267
597.8853,8861.45,1694.7222,1468.7667
598.3344,8877.29,1691.2222,1470.1267
598.7836,8830.11,1685.4422,1457.1067
599.2327,8805.35,1686.1622,1450.2267
599.6818,8867.89,1691.8422,1459.3467
600.1308,8901.69,1682.8222,1460.9267
600.5798,8903.75,1678.7222,1452.6067
601.0289,8971.13,1701.0422,1467.0667
601.4778,8817.27,1672.6222,1442.5267
601.9268,8847.49,1664.7222,1435.7267
602.3757,8848.99,1670.9422,1442.1067
602.8246,8925.31,1680.6022,1447.2667
603.2735,8990.83,1687.5222,1457.2467
603.7224,8956.93,1679.5622,1448.1667
604.1712,8882.91,1660.0222,1435.4667
604.62,8932.41,1666.0422,1446.1867
605.0688,8913.91,1653.5822,1434.8667
605.5176,8911.53,1658.7422,1431.2467
605.9663,8865.69,1651.5622,1419.8867
606.415,8904.89,1650.9622,1421.7467
606.8637,8855.35,1635.4822,1412.3467
607.3124,9007.75,1665.0022,1430.4267
607.761,8961.51,1658.7822,1426.0867
608.2097,8926.49,1650.0222,1418.2667
608.6582,8926.51,1645.1822,1412.0867
609.1068,8926.43,1647.7022,1404.4267
609.5554,8909.73,1638.0222,1399.4067
610.0039,8905.29,1637.3822,1392.4467
610.4524,8980.49,1658.8222,1403.4267
610.9008,8942.57,1637.9022,1398.8067
611.3493,8989.91,1647.8022,1400.9467
611.7977,8899.03,1630.3822,1390.4867
612.2461,8955.27,1646.7822,1389.6467
612.6945,8986.45,1637.7622,1387.6267
613.1428,8990.21,1642.9622,1390.1467
613.5911,8910.23,1632.8822,1379.4667
614.0394,8903.73,1628.8222,1375.7067
614.4877,8878.65,1622.7022,1362.1467
614.936,8959.19,1633.5622,1367.3667
615.3842,8932.47,1635.3622,1363.7467
615.8324,8852.19,1616.4622,1353.1267
616.2806,8843.41,1606.9022,1346.6267
616.7287,8859.21,1625.0622,1353.0267
617.1768,8865.93,1613.4422,1343.0667
617.6249,8882.97,1612.3222,1333.5667
618.073,8828.71,1603.3222,1324.9867
618.5211,8772.41,1604.2222,1325.0067
618.9691,8778.31,1599.8822,1323.4267
619.4171,8867.61,1610.9022,1323.6667
619.8651,8816.87,1608.2622,1314.5267
620.313,8856.31,1621.9622,1318.7867
620.761,8952.19,1626.9022,1332.2867
621.2089,8847.55,1604.3622,1302.9467
621.6568,8829.71,1609.9822,1303.8267
622.1046,8889.39,1626.3222,1324.8267
622.5525,8838.49,1606.1222,1307.8067
623.0003,8763.57,1600.6222,1295.1667
623.448,8762.71,1607.6422,1288.0267
623.8958,8740.91,1602.7822,1281.8867
624.3435,8764.49,1597.1422,1276.2467
624.7912,8805.29,1607.8222,1280.6067
625.2389,8777.25,1609.8622,1280.7667
625.6866,8720.03,1592.7822,1274.1267
626.1342,8721.71,1588.9822,1257.6467
626.5818,8737.75,1607.5222,1268.7067
627.0294,8801.37,1614.0622,1276.4867
627.477,8743.69,1602.7822,1255.2667
627.9245,8722.15,1601.8422,1245.5467
628.372,8733.61,1616.3022,1256.4067
628.8195,8709.85,1594.5222,1250.7067
629.267,8723.15,1603.6022,1240.8467
629.7144,8742.21,1617.0422,1243.7067
630.1619,8677.83,1605.8822,1236.1267
630.6093,8687.65,1600.3222,1229.5867
631.0566,8665.31,1602.5622,1226.4267
631.504,8680.07,1617.2022,1231.7267
631.9513,8658.85,1606.7422,1224.7067
632.3986,8625.39,1600.6622,1210.1267
632.8458,8740.03,1622.4222,1223.1467
633.2931,8688.33,1616.6622,1217.2067
633.7403,8701.23,1620.2022,1211.9667
634.1875,8645.89,1615.9422,1203.0667
634.6347,8686.49,1628.1222,1210.9867
635.0818,8686.19,1623.3222,1204.0867
635.5289,8609.77,1612.4422,1188.0467
635.976,8656.51,1631.7022,1191.5267
636.4231,8647.05,1633.0622,1195.2067
636.8702,8635.37,1626.3422,1182.3067
637.3172,8598.27,1615.4222,1169.0867
637.7642,8604.05,1632.0622,1181.2467
638.2112,8606.95,1633.2822,1178.8267
638.6581,8591.01,1625.5622,1171.9267
639.105,8575.19,1628.4222,1161.1267
639.5519,8581.55,1631.1822,1169.7267
639.9988,8568.97,1633.6622,1165.0067
640.4457,8548.51,1631.5422,1150.1667
640.8925,8544.15,1647.9222,1157.6267
641.3393,8529.75,1645.7622,1153.4867
641.7861,8527.03,1639.1422,1145.6067
642.2328,8565.35,1652.7222,1151.8067
642.6795,8514.03,1651.2622,1144.5067
643.1262,8499.23,1650.7622,1143.3067
643.5729,8489.91,1647.2222,1134.8467
644.0196,8463.49,1651.1422,1129.6267
644.4662,8483.63,1662.6022,1133.4467
644.9128,8451.21,1651.6622,1123.6467
645.3594,8514.23,1670.0822,1126.3667
645.806,8500.81,1672.2222,1126.8267
646.2525,8490.23,1672.7222,1120.2267
646.699,8475.31,1672.6822,1120.8067
647.1455,8445.49,1682.7022,1111.6467
647.5919,8406.05,1669.4022,1105.5067
648.0384,8423.87,1673.7422,1107.2867
648.4848,8416.67,1673.0622,1100.9867
648.9312,8457.67,1695.1822,1104.1867
649.3775,8471.29,1709.8022,1111.8467
649.8239,8418.13,1694.8422,1099.8067
650.2702,8443.13,1699.5222,1091.9867
650.7165,8464.99,1719.1822,1103.8867
651.1627,8473.61,1721.8022,1102.2467
651.609,8645.53,1756.9822,1111.7067
652.0552,9960.51,2020.3022,1266.8067
652.5013,11126.73,2250.8422,1411.3267
652.9475,12817.99,2542.7022,1566.7467
653.3937,15362.01,3641.1022,2194.3067
653.8398,15362.01,3666.4822,2297.2867
654.2859,9729.01,2085.2622,1320.8667
654.7319,8629.97,1800.7422,1114.5467
655.178,8391.77,1751.7422,1078.5467
655.624,8379.01,1752.2422,1076.2267
656.07,8308.69,1740.1822,1064.5667
656.5159,8255.79,1731.1022,1055.8667
656.9619,8220.55,1738.4822,1048.2667
657.4078,8238.47,1747.2622,1048.4667
657.8537,8239.67,1735.0622,1043.9267
658.2995,8199.01,1747.7822,1039.4867
658.7454,8136.73,1741.7622,1036.2067
659.1912,8197.31,1757.7222,1042.6267
659.637,8160.55,1747.6822,1029.8067
660.0828,8100.01,1748.3022,1025.9667
660.5285,8136.99,1760.4422,1028.8867
660.9742,8120.51,1762.5622,1029.7667
661.4199,8077.15,1750.6222,1019.5267
661.8656,8052.55,1759.8822,1016.5667
662.3112,8063.21,1770.6822,1018.7667
662.7569,8067.01,1759.8422,1004.2467
663.2025,8044.43,1772.5422,1010.2267
663.648,8012.89,1774.7822,1007.5067
664.0936,7991.47,1771.9622,999.8067
664.5391,7992.27,1770.7822,994.4467
664.9846,7972.29,1786.8022,995.2467
665.4301,7990.21,1793.9422,998.9467
665.8755,7936.53,1786.8022,987.5667
666.3209,7924.67,1784.0822,986.5867
666.7663,7913.97,1791.0622,986.8467
667.2117,7884.15,1788.7022,982.2467
667.6571,7868.83,1782.6622,975.0667
668.1024,7878.65,1806.6422,983.0667
668.5477,7832.83,1799.6822,976.2067
668.993,7878.65,1806.3822,977.8667
669.4382,7841.55,1804.2022,967.1067
669.8834,7837.93,1815.5222,975.9867
670.3287,7855.83,1820.7622,970.3867
670.7738,7745.09,1794.1822,953.0867
671.219,7755.45,1817.1822,954.3267
671.6641,7767.09,1817.3022,961.9067
672.1092,7710.27,1807.5422,947.5867
672.5543,7676.09,1801.0222,939.6467
672.9993,7676.47,1814.4622,946.1067
673.4444,7678.93,1817.6622,943.7467
673.8894,7644.29,1807.4022,933.0067
674.3344,7562.19,1802.7022,928.9467
674.7793,7600.41,1820.5022,943.7267
675.2242,7548.81,1813.4422,929.1067
675.6691,7597.31,1820.4422,932.7667
676.114,7578.13,1823.6022,927.1067
676.5589,7517.21,1815.2222,927.6267
677.0037,7502.07,1820.3622,921.9467
677.4485,7496.81,1817.4622,914.4867
677.8933,7465.13,1823.0822,912.7467
678.3381,7464.21,1821.4222,913.4067
678.7828,7404.51,1817.6022,906.2667
679.2275,7402.51,1824.2422,906.1267
679.6722,7384.31,1830.8822,904.4467
680.1168,7317.15,1813.6022,896.2467
680.5615,7328.31,1815.0622,891.4467
681.0061,7312.39,1833.8422,897.7067
681.4507,7363.61,1842.9022,903.4467
681.8952,7298.15,1818.0822,886.3067
682.3398,7296.67,1830.5822,894.8067
682.7843,7270.69,1830.3022,895.2667
683.2288,7251.07,1835.7622,885.2667
683.6732,7239.71,1832.0822,881.4467
684.1177,7206.81,1829.2622,876.6867
684.5621,7128.57,1824.1622,876.6267
685.0065,7152.27,1835.3222,874.2467
685.4508,7100.15,1823.1022,863.4867
685.8952,7068.05,1818.7622,871.4667
686.3395,7096.69,1833.1222,882.0267
686.7838,7035.39,1809.8622,853.2267
687.228,7025.21,1817.9822,863.0067
687.6723,7024.55,1826.8222,857.8467
688.1165,6987.01,1810.3622,854.5467
688.5607,6976.11,1818.1622,857.7667
689.0048,7002.87,1839.4422,857.0467
689.449,6979.21,1825.9822,852.9267
689.8931,6932.99,1818.1022,841.4667
690.3372,6913.03,1830.7422,842.7867
690.7812,6874.69,1814.8422,840.7067
691.2253,6841.29,1817.0022,835.2667
691.6693,6824.63,1806.3022,832.7267
692.1133,6778.85,1804.8022,832.7667
692.5573,6778.65,1803.3222,838.5667
693.0012,6784.53,1807.1422,830.8467
693.4451,6758.63,1815.3822,821.2867
693.889,6722.75,1806.4222,827.8067
694.3329,6723.83,1812.6822,829.4267
694.7767,6759.99,1818.8422,829.3667
695.2205,6706.89,1817.2822,822.6467
695.6643,6664.39,1810.4622,824.5667
696.1081,6660.55,1803.8822,814.9667
696.5518,6632.77,1802.3222,811.2467
696.9956,6608.83,1806.2822,822.0467
697.4392,6573.91,1807.9022,818.6667
697.8829,6557.89,1791.8222,811.5267
698.3266,6543.29,1789.7622,803.8067
698.7702,6485.45,1788.1822,806.5867
699.2138,6517.47,1802.1422,812.1067
699.6573,6514.61,1791.7222,803.6267
700.1009,6520.75,1806.4422,813.2667
700.5444,6498.63,1804.9022,806.2467
700.9879,6482.47,1794.3022,799.3267
701.4314,6466.19,1801.6422,808.2267
701.8748,6523.97,1821.5022,817.2467
702.3182,6523.55,1817.8622,818.5267
702.7616,6398.97,1778.1222,794.9667
703.205,6166.67,1737.1822,779.3267
703.6484,5953.47,1671.0422,751.3267
704.0917,5853.65,1644.6422,735.6667
704.535,5943.09,1673.6822,744.7467
704.9783,6092.31,1719.9222,767.0267
705.4215,6256.97,1768.6822,788.9267
705.8647,6374.83,1790.4022,798.1067
706.3079,6355.13,1799.5222,803.1867
706.7511,6237.23,1773.3022,788.9867
707.1942,6197.73,1758.6022,786.2867
707.6374,6174.83,1751.6222,777.2467
708.0805,6136.89,1755.7422,777.4867
708.5235,6077.65,1736.2222,773.6467
708.9666,6071.81,1728.7222,773.7467
709.4096,6039.59,1733.1622,771.8867
709.8526,6089.79,1757.6822,779.9467
710.2956,6085.79,1752.0022,780.8867
710.7385,6078.11,1733.3022,774.4867
711.1815,6049.65,1740.9022,777.3267
711.6244,6055.13,1740.2222,782.1667
712.0672,5962.11,1706.8822,766.3667
712.5101,5967.31,1723.9622,763.9667
712.9529,5910.01,1710.2022,765.2467
713.3957,5881.03,1705.2222,760.1467
713.8385,5842.21,1679.9622,750.6667
714.2813,5817.25,1692.4822,753.9667
714.724,5802.79,1690.7222,753.7467
715.1667,5763.81,1669.1422,737.6467
715.6094,5747.07,1668.0022,739.9267
716.052,5699.25,1660.6222,741.2467
716.4946,5696.03,1657.4422,747.6867
716.9372,5644.31,1641.5422,739.1467
717.3798,5629.01,1641.3422,737.1267
717.8224,5571.01,1633.9222,740.0067
718.2649,5556.73,1629.5222,726.3867
718.7074,5535.41,1610.9622,721.2067
719.1499,5497.57,1607.6622,724.3867
719.5923,5440.23,1603.6822,725.7867
720.0348,5458.59,1594.1622,717.6267
720.4772,5412.43,1590.2622,713.5667
720.9195,5387.19,1592.2022,724.4067
721.3619,5391.87,1586.1022,716.9467
721.8042,5372.65,1581.7622,706.5667
722.2465,5337.03,1572.1222,708.7467
722.6888,5337.01,1578.0422,711.2267
723.1311,5351.35,1575.0822,714.1067
723.5733,5295.01,1561.9022,705.3067
724.0155,5298.03,1568.5622,712.2867
724.4577,5278.59,1571.3622,710.0267
724.8998,5277.43,1562.9422,707.4267
725.342,5226.43,1555.5022,709.3067
725.7841,5245.57,1564.8622,714.1867
726.2262,5269.83,1568.2422,714.2867
726.6682,5215.73,1549.3822,708.9867
727.1102,5239.15,1554.9622,713.8467
727.5523,5212.31,1552.5222,718.5867
727.9942,5181.81,1544.3022,707.4467
728.4362,5203.89,1552.1022,709.0067
728.8781,5194.83,1559.4822,716.8867
729.32,5161.27,1541.1222,709.7667
729.7619,5160.55,1529.5422,704.8667
730.2038,5133.65,1535.7622,703.9267
730.6456,5126.03,1536.3622,714.9067
731.0874,5144.81,1530.9422,711.2267
731.5292,5122.49,1535.4222,710.4267
731.9709,5133.99,1538.0222,718.4667
732.4127,5083.51,1529.3622,714.6267
732.8544,5063.35,1509.2822,709.6867
733.2961,5048.25,1509.2622,708.4867
733.7377,5000.03,1506.3622,702.6267
734.1794,5010.43,1495.8622,703.9267
734.621,5008.41,1498.6422,701.0867
735.0626,4976.15,1498.0222,704.1267
735.5041,4923.93,1485.4622,698.8267
735.9456,4902.27,1472.3022,692.7667
736.3872,4896.05,1477.2622,695.1067
736.8286,4890.81,1475.9022,699.2667
737.2701,4862.51,1475.1422,693.3467
737.7115,4829.99,1455.7822,692.2467
738.1529,4771.59,1451.7022,687.0467
738.5943,4770.95,1446.1222,689.5067
739.0357,4738.89,1435.2222,685.6067
739.477,4739.89,1433.0622,684.0667
739.9183,4717.01,1435.2222,687.7467
740.3596,4708.39,1423.0422,683.8667
740.8009,4693.47,1418.8022,675.5667
741.2421,4653.57,1417.1622,677.2467
741.6833,4626.13,1408.2422,673.8467
742.1245,4644.93,1403.3022,675.8667
742.5657,4638.95,1395.8822,681.6667
743.0068,4621.09,1403.8822,677.8067
743.4479,4600.61,1395.6822,677.4867
743.889,4582.07,1389.4022,674.2067
744.33,4542.81,1381.6222,669.7267
744.7711,4575.73,1394.4022,679.9067
745.2121,4560.89,1387.7822,680.8067
745.6531,4512.57,1369.2822,669.7667
746.094,4504.83,1377.0822,674.3467
746.535,4488.79,1374.5822,675.2867
746.9759,4499.85,1365.1022,674.3667
747.4168,4489.19,1375.0822,675.2267
747.8576,4452.37,1365.1422,673.7267
748.2985,4429.21,1357.3022,667.6267
748.7393,4427.91,1351.4622,667.1867
749.1801,4400.45,1344.4422,667.7267
749.6208,4384.99,1347.9822,671.2067
750.0616,4350.13,1324.5022,658.9267
750.5023,4338.31,1322.7222,657.3267
750.943,4324.15,1330.6022,658.4867
751.3836,4301.51,1320.3822,659.6867
751.8242,4305.71,1320.0022,660.5867
752.2649,4268.89,1322.7822,655.9667
752.7054,4273.87,1309.4822,658.4267
753.146,4258.61,1302.6822,651.3667
753.5865,4273.35,1308.8422,654.3467
754.0271,4256.69,1315.6822,661.3467
754.4675,4253.67,1321.6222,659.9267
754.908,4230.89,1302.3022,657.2067
755.3484,4240.01,1298.9622,662.8267
755.7888,4202.51,1293.6022,657.2667
756.2292,4151.23,1282.0022,656.1867
756.6696,4151.33,1279.2222,650.9667
757.1099,4125.51,1274.3422,648.5667
757.5502,4135.63,1274.1022,647.0267
757.9905,4122.55,1266.3022,645.5067
758.4308,4113.93,1267.3022,649.0067
758.871,4052.15,1252.3222,645.7867
759.3112,4041.55,1250.0222,637.4867
759.7514,3989.61,1225.8022,626.8467
760.1916,3970.79,1225.3622,633.0867
760.6317,3970.09,1233.4822,631.2867
761.0718,3958.41,1221.2022,632.9067
761.5119,3947.09,1214.2022,625.8867
761.952,3952.31,1222.9022,625.8467
762.392,3967.37,1230.7222,639.9667
762.832,3947.25,1212.7222,632.0467
763.272,3887.45,1206.4422,627.4067
763.712,3852.11,1192.8022,625.9067
764.1519,3820.81,1182.7022,618.7867
764.5918,3793.95,1176.6422,619.3267
765.0317,3762.85,1169.2622,614.2667
765.4716,3794.21,1180.1822,613.2467
765.9114,3777.47,1162.4022,611.5267
766.3512,3763.35,1163.5822,609.4667
766.791,3753.51,1169.6622,611.3067
767.2308,3713.61,1154.4022,608.0467
767.6705,3685.67,1136.6022,605.0667
768.1102,3689.71,1144.9422,608.1867
768.5499,3701.95,1147.6222,612.7467
768.9896,3643.27,1128.1422,601.6067
769.4292,3622.37,1118.7422,597.0067
769.8688,3576.59,1117.9222,595.3467
770.3084,3571.97,1111.2822,599.5667
770.748,3558.41,1100.3822,591.5067
771.1875,3519.11,1094.7822,589.9267
771.627,3507.29,1093.7222,590.4867
772.0665,3489.85,1085.0222,581.4067
772.506,3476.23,1074.2022,581.9067
772.9454,3430.39,1073.4822,581.9067
773.3848,3435.13,1068.8022,584.1667
773.8242,3396.77,1051.8822,570.1667
774.2636,3394.95,1053.6422,569.7467
774.7029,3365.85,1050.4422,571.6067
775.1422,3375.67,1047.2422,570.1467
775.5815,3344.31,1038.5822,565.1267
776.0207,3345.83,1041.5422,567.0467
776.46,3340.43,1034.7022,568.8067
776.8992,3318.29,1025.8022,562.4267
777.3384,3298.65,1029.0622,567.5067
777.7775,3269.47,1013.9622,562.0667
778.2167,3264.07,1016.6622,560.7667
778.6558,3271.13,1008.6822,556.6467
779.0949,3239.29,1006.6422,555.7667
779.5339,3224.77,1004.5022,550.2867
779.973,3198.87,991.2422,549.8867
780.412,3174.17,984.9022,544.4067
780.851,3173.57,986.8422,546.3667
781.2899,3158.25,977.9622,547.0267
781.7289,3139.21,969.3222,542.4867
782.1678,3111.33,955.8222,536.3467
782.6067,3076.93,958.4822,538.2867
783.0455,3089.71,955.3822,541.1467
783.4844,3075.45,947.2822,529.2867
783.9232,3044.25,938.3622,531.2067
784.3619,3037.49,938.4222,533.7867
784.8007,3035.85,930.3422,530.3267
785.2394,3031.01,933.4422,528.7667
785.6781,3003.51,934.6422,526.3267
786.1168,2985.93,925.0622,527.7467
786.5555,2970.91,913.3822,522.8067
786.9941,2949.21,909.9822,521.5067
787.4327,2914.41,903.7622,520.5067
787.8713,2903.33,896.1422,510.5467
788.3099,2880.05,886.1622,510.2067
788.7484,2868.09,890.8022,508.0267
789.1869,2848.97,877.3822,507.6667
789.6254,2845.93,867.1822,505.8667
790.0639,2829.33,865.8222,500.9267
790.5023,2815.63,870.4422,504.1667
790.9407,2804.25,868.0422,495.9067
791.3791,2820.61,864.9422,500.5467
791.8175,2804.45,874.2022,501.6267
792.2558,2800.79,861.0022,502.2467
792.6941,2788.55,853.8422,492.3067
793.1324,2755.57,845.6622,492.6467
793.5706,2722.83,841.0022,493.0267
794.0089,2702.57,834.4822,490.3267
794.4471,2689.43,822.5622,481.9867
794.8853,2671.61,826.7222,478.3267
795.3234,2669.11,829.5022,482.7467
795.7615,2648.91,820.7822,483.7867
796.1997,2637.29,805.8822,473.4267
796.6377,2613.13,812.1222,475.9267
797.0758,2611.59,808.5022,475.3867
797.5138,2608.67,793.4422,468.5867
797.9518,2585.27,791.9622,465.3067
798.3898,2571.37,794.3422,468.7267
798.8278,2539.69,785.8022,461.5667
799.2657,2555.07,785.0222,461.3067
799.7036,2514.89,781.6022,459.9867
800.1415,2504.03,776.8022,454.7467
800.5793,2498.93,771.8622,454.9467
801.0172,2480.79,763.6422,450.7267
801.455,2472.91,765.8822,453.5467
801.8928,2465.01,765.0622,450.7667
802.3305,2444.79,751.7622,446.0867
802.7683,2438.85,754.7622,454.2067
803.206,2438.03,758.6422,451.2067
803.6436,2432.99,757.4622,446.6667
804.0813,2410.35,740.2422,440.9267
804.5189,2406.31,750.6822,444.6267
804.9565,2384.95,743.9622,443.8867
805.3941,2365.67,735.9222,436.7267
805.8317,2346.81,727.1022,433.8267
806.2692,2347.57,729.0622,436.1467
806.7067,2339.03,724.9022,425.9667
807.1442,2318.91,710.1822,423.5467
807.5816,2299.43,716.9622,427.0867
808.0191,2302.59,712.8422,426.6467
808.4565,2287.19,705.8622,421.2467
808.8938,2255.83,705.9222,413.9867
809.3312,2253.45,710.2622,421.6067
809.7685,2233.71,702.3222,415.0467
810.2058,2219.31,689.7622,408.3467
810.6431,2207.35,697.4222,412.1267
811.0804,2207.77,696.9622,414.7267
811.5176,2201.53,689.4822,411.0467
811.9548,2186.39,683.2622,402.0667
812.392,2166.61,686.0422,408.5067
812.8291,2159.87,682.4222,407.5867
813.2662,2136.17,666.5222,393.3867
813.7033,2126.37,668.7022,390.3867
814.1404,2128.85,673.6622,398.7467
814.5775,2118.21,667.2622,396.8267
815.0145,2105.77,655.5422,391.8067
815.4515,2096.73,661.3222,391.9467
815.8885,2077.87,658.5422,390.0067
816.3254,2074.71,648.8022,383.2467
816.7623,2046.11,653.5822,385.3067
817.1992,2043.35,655.0022,384.0267
817.6361,2035.89,652.3022,386.7867
818.073,2047.81,642.5222,374.2667
818.5098,2035.81,647.5022,379.3667
818.9466,2018.83,646.3822,382.9667
819.3834,1994.79,631.4222,373.4067
819.8201,1973.27,626.4422,370.7067
820.2568,1968.59,631.4622,371.2867
820.6935,1959.91,628.4022,367.9067
821.1302,1955.67,617.6222,364.7467
821.5669,1941.67,617.9822,367.9067
822.0035,1936.51,624.9422,371.5267
822.4401,1917.53,616.5222,364.5467
822.8767,1923.23,611.5822,359.0067
823.3132,1898.45,618.4622,359.8267
823.7497,1898.21,617.5822,361.9867
824.1862,1885.33,609.8022,350.6867
824.6227,1859.09,599.1622,347.6467
825.0591,1868.57,602.9222,355.6867
825.4956,1856.05,601.6422,349.7467
825.932,1837.07,590.1222,339.0667
826.3683,1830.65,592.3222,344.8467
826.8047,1829.67,592.3422,350.6067
827.241,1810.81,585.2022,337.3467
827.6773,1805.69,582.0822,340.6667
828.1136,1792.85,587.6822,345.5867
828.5498,1777.11,582.0622,335.5267
828.986,1767.37,570.4822,330.8067
829.4222,1746.83,573.1822,331.6867
829.8584,1743.07,573.7222,330.6867
830.2945,1753.59,571.5622,329.5867
830.7306,1738.57,567.1622,323.5467
831.1667,1731.59,570.6622,325.3867
831.6028,1725.11,570.5222,326.5267
832.0389,1716.07,560.5822,317.2667
832.4749,1698.69,559.2822,321.4467
832.9109,1685.47,563.9222,326.9667
833.3468,1691.55,555.9622,323.0267
833.7828,1664.79,545.5822,310.9067
834.2187,1663.25,553.3222,318.2267
834.6546,1648.85,546.9822,316.9067
835.0904,1645.53,541.0022,308.1467
835.5263,1618.09,539.4222,311.7867
835.9621,1629.23,548.5422,312.9267
836.3979,1614.31,537.2022,307.5667
836.8337,1614.21,532.6222,304.9467
837.2694,1596.85,534.1622,304.4267
837.7051,1590.21,534.2622,302.5867
838.1408,1589.61,528.2822,299.4867
838.5765,1567.43,524.5422,292.9067
839.0121,1566.85,529.2422,299.3867
839.4477,1554.93,526.0822,300.2267
839.8833,1542.29,510.9622,291.8467
840.3189,1529.35,519.5822,295.6267
840.7544,1514.67,517.2422,290.7667
841.1899,1513.63,509.1822,284.8667
841.6254,1516.85,509.4022,280.9067
842.0609,1508.83,517.3622,291.3867
842.4963,1491.09,507.2422,285.2867
842.9317,1483.39,498.8222,280.1867
843.3671,1481.45,505.7622,282.3467
843.8025,1466.43,508.3222,280.1867
844.2378,1461.53,497.8222,275.0667
844.6731,1452.59,489.5022,270.7667
845.1084,1437.43,491.7822,272.4667
845.5437,1432.93,491.9822,274.6467
845.9789,1422.91,477.9422,270.3067
846.4141,1411.05,478.7622,263.5067
846.8493,1409.83,484.3822,271.1667
847.2844,1397.81,480.7822,268.5267
847.7196,1392.53,471.5022,260.7867
848.1547,1385.71,475.2622,265.7867
848.5898,1389.23,480.7822,267.3867
849.0248,1370.17,468.8822,260.5267
849.4599,1364.99,466.6222,257.6067
849.8949,1357.55,470.0222,260.4467
850.3298,1354.97,473.4622,265.5667
850.7648,1356.55,463.0622,255.5867
851.1997,1362.23,470.9422,256.2667
851.6346,1347.71,471.5222,261.8867
852.0695,1328.39,461.0622,251.9867
852.5044,1316.11,448.1422,243.9867
852.9392,1300.87,448.9822,252.4667
853.374,1299.89,452.6022,251.4667
853.8088,1291.67,445.8622,246.6667
854.2435,1291.35,442.5822,248.2667
854.6783,1282.89,448.3422,249.3467
855.113,1259.51,436.8222,240.9667
855.5476,1261.55,431.0022,238.5867
855.9823,1248.87,435.8822,240.0467
856.4169,1235.31,436.7822,238.4467
856.8515,1234.41,428.2622,231.2067
857.2861,1222.35,423.5022,232.5667
857.7206,1216.19,428.4822,236.5867
858.1552,1198.89,420.4422,225.6867
858.5897,1202.23,415.8022,225.8067
859.0241,1183.23,411.0422,222.6467
859.4586,1181.53,413.9222,230.4467
859.893,1184.63,407.4622,223.9667
860.3274,1169.19,400.6022,219.7867
860.7618,1159.31,406.1022,221.6667
861.1961,1166.35,409.5222,222.7467
861.6305,1158.13,398.8222,219.0467
862.0648,1143.87,399.0222,219.6267
862.499,1135.15,398.9022,222.2667
862.9333,1116.27,394.3022,216.0067
863.3675,1119.95,383.6622,205.2267
863.8017,1106.67,383.6422,209.9867
864.2359,1097.67,383.6222,210.2867
864.67,1106.59,382.0422,209.3667
865.1041,1094.63,377.3822,208.4867
865.5382,1082.21,380.1822,208.8867
865.9723,1070.75,378.5022,207.8267
866.4063,1069.89,366.2422,203.1867
866.8404,1049.25,360.3022,201.7267
867.2744,1042.55,363.2422,199.7467
867.7083,1038.09,366.3422,200.4067
868.1423,1036.71,354.2422,195.8067
868.5762,1021.01,361.0022,198.1867
869.0101,1014.83,357.9622,196.4667
869.4439,1016.17,351.6822,192.0667
869.8778,1001.59,350.0022,193.0467
870.3116,994.55,351.3622,194.9867
870.7454,977.73,335.8422,187.7267
871.1792,973.35,329.3622,180.0867
871.6129,960.45,333.7022,181.0667
872.0466,956.45,336.5822,185.2867
872.4803,949.95,326.8622,180.7067
872.914,944.61,325.2622,179.2067
873.3476,930.91,324.9022,180.2667
873.7812,921.77,318.6622,178.9867
874.2148,918.47,319.8422,174.9667
874.6484,910.37,319.3222,177.4867
875.0819,904.31,320.8622,175.8867
875.5154,900.57,314.6022,170.7667
875.9489,902.01,304.9022,170.3067
876.3824,890.53,314.1422,174.7667
876.8158,880.75,309.9022,174.1067
877.2492,883.29,303.4222,168.6667
877.6826,873.15,303.6022,164.7067
878.1159,871.47,306.0422,169.7067
878.5493,874.87,309.4222,175.1867
878.9826,859.79,292.7822,163.7267
879.4159,851.75,296.6422,165.2867
879.8491,841.71,296.5822,167.8467
880.2824,839.13,289.9222,154.6067
880.7156,844.35,293.4822,161.7067
881.1487,831.29,292.2222,162.6867
881.5819,825.99,286.5422,159.2867
882.015,822.51,282.0022,154.3467
882.4481,815.25,281.3022,158.6067
882.8812,820.27,282.0022,162.1867
883.3143,815.43,282.9422,158.2467
883.7473,814.75,281.0422,152.1467
884.1803,805.11,277.7622,156.5667
884.6133,799.29,278.2222,156.1667
885.0462,807.31,274.8022,154.1867
885.4791,792.07,275.4222,155.3467
885.9121,784.33,272.1422,150.2867
886.3449,789.09,272.6622,152.1867
886.7778,780.67,264.5222,147.6467
887.2106,767.07,267.1222,152.2867
887.6434,766.69,269.1622,149.3667
888.0762,763.63,260.9622,143.7267
888.5089,753.25,256.0822,142.5267
888.9416,757.57,261.7022,145.6467
889.3743,749.77,260.1822,144.3667
889.807,758.47,258.3422,142.5467
890.2397,734.03,253.5622,142.9067
890.6723,735.93,256.5822,140.6467
891.1049,730.29,253.5622,137.0667
891.5375,734.37,256.4622,144.8867
891.97,719.73,251.6022,144.2467
892.4025,713.43,245.1022,138.0867
892.835,709.89,242.2422,130.3067
893.2675,703.17,244.4822,137.2467
893.6999,703.89,246.3622,137.1267
894.1323,699.11,238.2022,129.9867
894.5647,698.05,237.9222,133.5067
894.9971,685.31,238.1822,133.8667
895.4294,677.43,237.5022,135.0267
895.8618,680.63,229.3622,127.8267
896.294,672.95,229.7022,131.3467
896.7263,675.21,235.5022,132.1467
897.1585,666.05,223.9022,127.9267
897.5908,654.61,218.4622,121.8667
898.0229,654.39,225.6822,125.6867
898.4551,649.05,226.5422,127.3467
898.8873,643.49,220.0422,119.2867
899.3194,640.57,214.6422,121.9067
899.7514,636.97,220.8222,124.7667
900.1835,623.55,218.6022,125.2667
900.6155,625.79,209.1222,115.4867
901.0476,616.09,215.7022,122.2467
901.4795,609.47,212.1422,122.5867
901.9115,601.87,207.9222,117.3867
902.3434,604.35,200.4222,112.7867
902.7753,595.63,207.0822,118.3267
903.2072,604.35,206.3622,121.1867
903.6391,593.33,200.3222,111.7467
904.0709,584.33,200.8022,115.0067
904.5027,579.65,203.8022,114.4467
904.9345,575.53,199.2022,113.0867
905.3663,573.51,188.0222,105.3667
905.798,573.33,201.5222,115.2467
906.2297,560.75,198.3022,111.4267
906.6614,558.13,182.9622,102.7067
907.093,549.59,184.7422,103.2467
907.5246,544.53,187.3022,110.3467
907.9562,543.09,190.2022,107.9267
908.3878,552.41,183.9022,104.7667
908.8194,538.83,184.6622,107.3467
909.2509,534.87,186.6822,107.0667
909.6824,525.89,181.7622,101.9467
910.1139,529.93,172.4022,102.4667
910.5453,520.33,182.2622,99.7867
910.9767,516.29,179.2422,99.5667
911.4081,516.37,173.1022,98.6267
911.8395,512.21,170.8622,99.1067
912.2709,499.03,173.2222,98.8867
912.7022,502.33,172.0822,98.9467
913.1335,495.91,165.2422,95.1667
913.5648,496.43,175.7022,105.9467
913.996,488.55,166.3022,96.5667
914.4272,485.61,159.7222,90.4467
914.8584,474.03,159.4822,91.1467
915.2896,477.59,167.8622,95.3067
915.7207,474.67,161.7422,92.0267
916.1518,475.47,159.6822,90.3467
916.5829,462.79,159.8622,89.9467
917.014,455.97,158.3422,88.0467
917.445,455.69,152.6222,87.3067
917.876,458.09,153.3222,87.1067
918.307,441.67,159.5222,89.2267
918.738,435.71,155.2822,87.3467
919.1689,436.91,143.4622,83.5467
919.5999,427.35,141.1022,80.3667
920.0307,423.83,148.6022,83.6267
920.4616,421.59,143.0222,82.4667
920.8924,422.87,141.5622,80.7267
921.3232,417.15,146.0022,85.8667
921.754,402.61,143.6222,82.6667
922.1848,400.53,129.5422,79.5067
922.6155,396.39,131.4222,73.9867
923.0462,395.09,137.0622,76.3467
923.4769,379.75,131.5822,74.2667
923.9076,380.07,124.0622,71.9467
924.3382,377.97,133.4422,76.6667
924.7688,370.63,130.6422,74.7667
925.1994,373.23,128.0822,75.3467
925.6299,358.45,123.4422,69.2667
926.0605,354.83,127.6422,72.7867
926.491,348.03,121.4422,69.0667
926.9215,349.67,113.4822,65.6467
927.3519,338.83,111.8222,64.4267
927.7823,337.05,117.0622,64.6467
928.2127,328.97,112.4622,63.0067
928.6431,328.81,106.0022,59.7267
929.0735,321.19,113.0022,65.3667
929.5038,319.05,109.7222,61.7067
929.9341,314.71,104.2422,55.9267
930.3644,309.33,102.3622,59.9667
930.7946,301.97,107.9822,60.5867
931.2248,303.87,105.1022,60.1867
931.655,296.49,94.2622,52.3267
932.0852,282.59,98.2422,58.9067
932.5153,273.97,94.4822,58.9867
932.9455,265.23,90.9022,49.3867
933.3756,258.89,83.7422,47.9067
933.8056,247.77,87.7222,48.7467
934.2357,236.49,85.0622,49.1667
934.6657,234.43,80.9822,42.7867
935.0957,224.23,75.5822,44.7067
935.5256,213.55,74.7222,44.1867
935.9556,203.93,63.3422,38.3667
936.3855,193.25,60.6822,35.3667
936.8154,183.19,71.7222,39.3667
937.2453,178.39,66.6022,35.3067
937.6751,174.01,58.1422,31.4667
938.1049,166.35,55.0822,32.3067
938.5347,164.19,56.7622,34.5267
938.9644,156.79,53.5022,33.5667
939.3942,146.71,43.8822,28.0267
939.8239,144.39,48.7222,29.2467
940.2536,143.15,51.4022,31.9867
940.6832,147.29,47.1022,25.8667
941.1129,143.37,44.6222,24.8267
941.5425,137.17,46.5622,28.2467
941.9721,136.27,45.9822,29.5267
942.4016,138.59,41.1622,19.8467
942.8311,137.19,46.1422,23.4067
943.2607,143.73,51.7222,29.3267
943.6901,139.65,45.3822,24.7467
944.1196,144.29,43.6622,26.5667
944.549,144.69,56.3622,37.6467
944.9784,140.83,52.2022,30.4867
945.4078,146.05,43.7822,23.3667
945.8371,140.59,47.3822,26.6467
946.2665,140.15,54.2222,29.9867
946.6958,142.43,48.8022,28.0867
947.125,151.43,41.3422,26.0467
947.5543,151.57,52.9622,29.3067
947.9835,148.61,53.1822,29.7267
948.4127,155.63,52.9622,29.2067
948.8419,154.79,49.6022,23.2267
949.271,155.75,58.4422,32.7067
949.7001,159.99,54.7022,28.5067
950.1292,165.53,49.0622,25.7467
950.5583,166.35,53.7822,31.5067
950.9874,170.23,57.1822,31.4267
951.4164,167.23,56.2622,30.5067
951.8454,166.11,51.9422,33.2667
952.2743,160.13,58.2022,30.4867
952.7033,168.27,60.3222,38.2667
953.1322,173.49,55.1222,28.7267
953.5611,163.29,52.2022,28.5067
953.9899,171.23,63.2822,35.6867
954.4188,170.71,61.2822,34.7667
954.8476,174.23,52.0822,33.5067
955.2764,169.55,60.3022,34.9867
955.7051,175.67,60.9222,36.3267
956.1339,175.41,58.0022,32.4467
956.5626,175.61,56.1022,34.3067
956.9913,173.37,63.1422,36.0667
957.4199,174.39,57.8822,33.8067
957.8486,178.55,56.4022,28.8267
958.2772,169.67,62.2022,33.8867
958.7057,175.87,60.5822,36.7667
959.1343,177.31,62.4422,31.6667
959.5628,174.73,55.0222,34.0067
959.9913,173.09,62.2622,35.2067
960.4198,178.61,62.3222,35.1067
960.8483,181.15,57.3422,32.5067
961.2767,175.37,60.2822,33.0467
961.7051,176.69,66.0222,35.5467
962.1335,176.53,64.5022,34.6467
962.5618,175.71,57.0822,28.4667
962.9901,174.77,62.7422,37.0867
963.4184,175.21,60.7622,33.9667
963.8467,177.55,59.0822,31.9467
964.275,173.13,58.5622,32.9667
964.7032,169.09,60.7022,34.6467
965.1314,168.95,58.9222,31.0867
965.5595,170.89,49.2622,27.8067
965.9877,169.17,57.8622,34.6467
966.4158,169.29,63.5822,35.9467
966.8439,172.97,57.4222,31.6067
967.272,167.41,53.6822,31.9467
967.7,167.53,60.7822,32.8667
968.128,163.23,58.0622,30.3467
968.556,165.61,52.1222,27.5467
968.984,164.45,57.0822,33.8867
969.4119,164.41,59.7622,34.8467
969.8398,157.61,57.1022,30.2467
970.2677,159.81,49.5222,27.3467
970.6956,155.69,59.6022,32.3467
971.1234,154.13,57.8622,32.1467
971.5512,160.59,50.9622,26.0267
971.979,160.31,57.5822,31.6067
972.4067,156.43,58.0222,27.5667
972.8345,152.07,54.4822,31.3467
973.2622,160.41,48.6822,26.9867
973.6899,152.23,55.6222,33.7067
974.1175,148.61,52.7422,30.5867
974.5452,149.35,46.5822,24.3467
974.9728,150.59,46.2022,26.8467
975.4003,150.01,55.3022,29.2867
975.8279,144.27,52.6622,29.4067
976.2554,154.01,45.4422,26.5067
976.6829,145.41,49.1822,29.5667
977.1104,140.23,53.9622,29.4067
977.5378,140.31,47.8622,25.0867
977.9653,144.65,45.4422,26.6667
978.3927,138.21,52.0422,30.1267
978.82,137.57,48.8622,27.0867
979.2474,140.13,44.8022,24.2267
979.6747,136.83,45.2622,26.7267
980.102,136.85,50.1422,29.0267
980.5293,133.51,48.1822,25.5267
980.9565,135.05,43.5022,23.7667
981.3837,133.65,51.6222,29.6867
981.8109,128.55,45.9822,28.8267
982.2381,131.35,44.3822,22.6867
982.6652,131.17,44.2022,24.7667
983.0923,130.01,49.8822,29.3267
983.5194,128.29,46.5422,26.3267
983.9465,127.25,36.5022,21.4467
984.3735,125.19,46.1422,25.7467
984.8005,123.59,46.4422,27.1267
985.2275,121.03,43.5822,22.5267
985.6545,122.69,37.3222,21.3667
986.0814,117.77,41.8222,20.3067
986.5083,115.63,42.8822,24.4867
986.9352,119.55,37.5022,18.7667
987.362,111.61,39.5822,23.5267
987.7889,112.05,41.6022,26.1467
988.2157,111.57,40.5422,23.8467
988.6425,115.23,33.0422,21.4467
989.0692,110.65,38.5422,24.5267
989.4959,110.19,40.1422,23.7067
989.9226,149.23,70.9822,55.0867
990.3493,116.87,45.7422,30.2267
990.776,108.83,41.7222,20.3467
991.2026,106.87,40.2822,24.2467
991.6292,109.63,35.2822,19.2467
992.0558,103.51,38.5222,23.0467
992.4823,104.63,38.4822,24.2867
992.9088,100.47,34.9822,18.6267
993.3353,105.69,29.7822,18.3267
993.7618,109.75,45.0822,31.1067
994.1882,100.07,37.8222,19.6267
994.6146,108.71,33.6422,17.6467
995.041,97.41,31.1622,19.3467
995.4674,101.07,36.9222,20.0667
995.8937,98.53,36.8422,19.5467
996.3201,105.73,32.8422,23.2867
996.7463,95.47,36.5822,24.4667
997.1726,98.89,36.8022,23.3067
997.5988,99.63,32.1022,15.9467
998.0251,96.69,33.7222,17.3067
998.4512,99.03,39.1022,21.0867
998.8774,98.47,36.2822,19.2867
999.3035,101.37,27.8022,17.0667
999.7296,96.15,35.9022,23.0267
1000.1557,100.39,33.6622,21.9867
1000.5818,98.39,32.1622,18.1467
1001.0078,101.67,28.2022,15.0067
1001.4338,97.91,38.1022,21.2667
1001.8598,94.67,36.3822,21.1667
1002.2857,105.59,30.7422,16.7267
1002.7117,100.31,35.9422,20.8667
1003.1376,96.29,39.4422,21.5067
1003.5634,97.97,32.0022,18.0867
1003.9893,100.81,33.0022,18.1467
1004.4151,94.87,34.8622,20.0867
1004.8409,97.33,35.6022,20.4267
1005.2667,96.21,32.0022,15.3667
1005.6924,91.07,30.8022,16.1467
1006.1181,96.11,36.7022,15.5667
1006.5438,91.23,33.0222,17.7667
1006.9695,95.15,27.8022,12.6467
1007.3951,93.37,31.0022,19.3467
1007.8208,89.43,33.3622,20.3467
1008.2463,90.25,30.1422,14.2667
1008.6719,90.89,30.4422,15.9067
1009.0974,87.17,33.9622,17.8667
1009.523,85.29,32.6822,13.8267
1009.9484,88.01,26.4422,16.3067
1010.3739,82.63,32.8422,21.6267
1010.7993,82.33,35.2622,17.4267
1011.2247,87.37,29.8222,16.5267
1011.6501,81.25,22.8622,15.0267
1012.0755,78.71,27.2222,17.3067
1012.5008,79.65,29.7622,18.8067
1012.9261,80.51,27.0022,12.4667
1013.3514,79.29,29.7822,17.3267
1013.7767,74.51,29.7822,18.3467
1014.2019,78.31,24.7822,16.7267
1014.6271,78.85,16.6622,9.7267
1015.0523,68.45,24.5022,16.3467
1015.4774,72.57,24.4222,16.4667
1015.9025,70.61,21.2622,11.4267
1016.3276,71.67,20.6422,10.4667
1016.7527,66.99,25.4822,16.8267
1017.1778,68.49,27.9422,15.4467
1017.6028,72.55,17.4822,9.5267
1018.0278,67.63,24.1822,11.2667
1018.4527,65.93,25.1422,16.6467
1018.8777,64.75,21.2222,9.3667
1019.3026,67.87,22.0222,16.0867
1019.7275,64.39,23.5022,15.5467
1020.1524,62.67,22.9422,13.1067
1020.5772,59.77,19.0622,9.0667
1021.002,65.35,21.1222,13.2667
1021.4268,58.99,25.5822,15.0067
1021.8516,61.07,20.3822,9.9667
1022.2763,61.75,19.7622,10.5067
1022.701,55.83,20.2622,13.3467
1023.1257,58.23,22.5222,14.1667
1023.5503,65.45,20.7222,13.0067
1023.975,58.49,17.6022,9.0867
1024.3996,57.57,23.1422,15.8467
1024.8242,56.33,23.6622,18.2467
1025.2487,54.79,17.4622,6.8267
1025.6732,55.41,17.9622,13.1467
1026.0977,56.03,24.7222,14.0667
1026.5222,50.61,14.2422,6.5867
1026.9467,52.13,15.1022,7.8467
1027.3711,49.91,20.1822,13.3467
1027.7955,48.89,19.3022,10.2667
1028.2199,51.19,13.8022,7.3467
1028.6442,52.13,15.9022,11.9467
1029.0685,46.65,17.1022,13.0667
1029.4928,46.35,15.9022,8.8867
1029.9171,45.85,11.7422,6.0867
1030.3413,48.07,20.2622,12.1067
1030.7655,45.23,18.5622,9.4467
1031.1897,50.79,17.9222,7.1867
1031.6139,45.17,14.1022,11.0267
1032.038,48.97,22.5822,17.0667
1032.4621,45.27,13.9222,11.1867
1032.8862,43.57,9.5822,5.5067
1033.3103,41.37,15.3622,10.7267
1033.7343,43.55,14.5422,11.0867
1034.1583,41.71,12.1622,8.0867
1034.5823,42.87,10.4422,6.4667
1035.0063,42.15,18.5022,12.0667
1035.4302,36.35,16.2822,9.3467
1035.8541,43.23,10.0822,7.5667
1036.278,40.25,15.9022,8.1667
1036.7018,35.67,15.3222,11.1867
1037.1257,35.91,9.5622,4.6067
1037.5495,42.77,8.6422,9.4867
1037.9732,33.99,12.5622,7.0867
1038.397,36.81,11.5622,5.0867
1038.8207,33.03,3.8222,3.3267
1039.2444,38.99,9.6422,5.4467
1039.6681,34.27,12.5822,7.9867
1040.0917,34.15,11.0022,5.6667
1040.5154,39.33,6.7622,4.4867
1040.9389,32.67,12.4622,10.6067
1041.3625,34.97,13.5822,9.0867
1041.7861,32.99,9.1822,1.5867
1042.2096,31.63,7.3622,3.3867
1042.6331,31.25,9.6222,4.1467
1043.0565,33.27,11.6222,5.0867
1043.48,32.75,3.2622,0.0667
1043.9034,27.59,9.4622,7.1867
1044.3268,33.55,13.9422,11.5267
1044.7501,32.29,8.8222,5.9267
1045.1734,29.57,2.9222,4.1667
1045.5968,28.23,8.9822,7.3267
1046.02,28.33,9.0222,6.3267
1046.4433,30.69,5.5222,2.0267
1046.8665,28.17,6.2822,7.3867
1047.2897,28.77,11.6422,8.0667
1047.7129,26.97,9.3822,4.1267
1048.136,31.03,5.4022,5.9467
1048.5592,27.57,12.9022,5.6667
1048.9823,31.27,15.7622,13.1867
1049.4053,27.23,3.2822,1.4667
1049.8284,28.71,5.3622,1.2867
1050.2514,23.13,10.9622,2.9267
1050.6744,25.15,8.0422,4.6467
1051.0974,25.81,-0.9978,0.7467
1051.5203,21.65,7.3222,6.9267
1051.9432,22.29,6.7622,5.9067
1052.3661,22.37,6.3222,3.0267
1052.789,23.63,5.4822,4.5667
1053.2118,22.89,7.6022,6.5267
1053.6346,20.97,8.0422,5.2867
1054.0574,24.19,1.0822,1.2467
1054.4802,21.57,8.9422,6.0467
1054.9029,21.99,6.9422,5.6667
1055.3256,20.67,2.1822,4.3067
1055.7483,24.05,-0.5978,3.8667
1056.171,16.81,6.0222,1.0067
1056.5936,20.17,6.8622,4.8867
1057.0162,25.05,5.2222,3.0467
1057.4388,23.11,4.2222,7.4667
1057.8613,17.93,7.7222,4.8867
1058.2839,15.03,9.2622,7.3067
1058.7064,21.91,4.6022,5.5667
1059.1288,19.09,4.8422,2.3867
1059.5513,17.25,5.0422,6.0067
1059.9737,20.13,2.8222,2.1467
1060.3961,19.37,0.2622,4.8067
1060.8185,13.93,8.8422,3.3267
1061.2408,17.75,6.3222,2.3467
1061.6631,18.71,0.9622,0.4067
1062.0854,17.65,4.3622,3.6267
1062.5077,15.63,9.9622,9.0667
1062.9299,15.89,4.9422,-1.2733
1063.3521,15.77,1.6222,0.0067
1063.7743,10.75,4.2022,1.5867
1064.1965,15.33,10.4822,8.4267
1064.6186,17.37,2.3222,-0.5733
1065.0407,15.57,1.1622,2.4267
1065.4628,14.97,3.9622,5.6067
1065.8849,12.51,4.9022,0.2867
1066.3069,17.07,0.3022,0.3867
1066.7289,13.97,6.5622,3.0067
1067.1509,12.53,3.8222,2.4067
1067.5728,14.75,3.0622,0.3267
1067.9948,15.33,1.1622,2.8267
1068.4167,8.05,8.6222,1.2667
1068.8385,9.77,5.3222,4.3267
1069.2604,10.97,-5.6778,-3.3933
1069.6822,14.91,5.8622,3.8467
1070.104,14.21,4.9822,3.3267
1070.5258,12.39,7.8622,3.5667
1070.9475,10.77,-1.1978,-0.6133
1071.3692,10.71,3.2622,2.5267
1071.7909,10.87,9.0022,3.9667
1072.2126,14.37,2.5822,-1.9133
1072.6342,10.81,3.7222,2.8867
1073.0558,9.57,4.2222,6.0667
1073.4774,8.95,0.5022,1.6467
1073.899,12.43,-3.6378,-1.8133
1074.3205,13.39,-1.0378,3.9667
1074.742,9.99,5.7022,1.3867
1075.1635,10.77,-1.4378,-1.5533
1075.585,12.75,-1.1578,2.4667
1076.0064,10.35,1.8022,0.7667
1076.4278,4.17,0.4222,0.0867
1076.8492,9.19,-4.5378,-1.1333
1077.2705,8.51,0.8022,1.6267
1077.6919,8.55,4.8022,3.7267
1078.1132,5.43,-2.8978,-1.6333
1078.5344,11.01,-2.1578,0.0267
1078.9557,8.83,7.1622,5.6867
1079.3769,6.39,-0.2578,1.5267
1079.7981,8.41,-6.3578,-4.2933
1080.2193,7.35,-0.1178,5.6667
1080.6404,7.47,0.6222,3.3067
1081.0615,7.01,0.9222,2.4267
1081.4826,9.85,-3.9778,-0.0533
1081.9037,6.01,3.4622,1.8067
1082.3247,6.89,5.3022,0.9067
1082.7457,7.99,-1.7178,-1.9733
1083.1667,12.29,2.2222,4.3667
1083.5877,5.81,2.6422,4.8667
1084.0086,7.79,0.4822,0.9867
1084.4295,9.53,-5.7178,-5.3333
1084.8504,5.89,-0.2378,2.6467
1085.2712,3.43,0.0822,0.3867
1085.6921,2.99,-5.1178,-0.3933
1086.1129,6.13,-5.8378,-0.2733
1086.5337,6.57,5.6622,3.3267
1086.9544,6.11,1.4422,1.8867
1087.3751,9.25,-5.3978,-1.0533
1087.7958,8.47,2.0622,2.5267
1088.2165,4.99,6.1822,5.6867
1088.6371,1.17,2.6622,-1.9333
1089.0578,8.01,-0.0178,0.6467
1089.4784,5.43,1.1022,3.3067
1089.8989,7.89,1.6622,2.7467
1090.3195,9.63,-2.5978,1.1867
1090.74,5.33,1.2022,0.2867
1091.1605,4.05,0.3022,3.6867
1091.5809,2.01,-1.9978,-1.7933
1092.0014,3.97,-4.5578,-1.1133
1092.4218,4.03,-0.9178,4.3667
1092.8422,4.53,4.0622,5.6867
1093.2625,3.13,-4.8378,-5.3133
1093.6829,4.19,-6.4778,-3.2333
1094.1032,2.83,4.0022,0.6867
1094.5234,3.09,0.6622,-2.0333
1094.9437,8.43,-6.6378,-3.9133
1095.3639,1.67,-2.1778,2.1667
1095.7841,4.51,0.7222,3.0267
1096.2043,3.31,-1.5578,-2.3333
1096.6244,-0.09,-2.1378,-1.5933
1097.0446,0.49,1.6422,1.5267
1097.4647,7.85,5.2022,3.6867
1097.8847,4.61,-4.5578,-2.5533
1098.3048,4.15,-4.0378,-2.6533
1098.7248,2.41,3.6622,1.8067
1099.1448,3.31,-2.0578,-4.3333
1099.5647,3.93,-5.7578,-3.9933
1099.9847,10.27,12.5422,8.4467
1100.4046,3.81,3.4222,3.7067
1100.8245,5.93,-0.0178,-1.8733